{
    "main": {
        "name": "main",
        "params": [],
        "file": "num_conversion.c",
        "line": 10,
        "code": "void reverse_string(char *str);\nvoid perform_calculations();\nint var = 0;",
        "called_functions": [
            "perform_calculations"
        ],
        "local_variables": []
    },
    "process_array": {
        "name": "process_array",
        "params": [
            "arr",
            "size"
        ],
        "file": "num_conversion.c",
        "line": 16,
        "code": "    return 0;\n}\n\n\nvoid process_array(int *arr, int size) {\n\n var++;\n global_var =1;\n    for (int i = 0; i < size - 1; i++) {\n        for (int j = 0; j < size - i - 1; j++) {\n            if (arr[j] > arr[j + 1]) {\n                int temp = arr[j];\n                arr[j] = arr[j + 1];\n                arr[j + 1] = temp;\n            }\n        }\n    }\n\n    int fact = factorial(arr[0]);\n    int fib = fibonacci(arr[1]);\n\n    char str[] = \"ExampleString\";\n    reverse_string(str);",
        "called_functions": [
            "factorial",
            "fibonacci",
            "reverse_string",
            "process_array"
        ],
        "local_variables": [
            "size",
            "i",
            "j",
            "temp",
            "fact",
            "fib",
            "example_size"
        ]
    },
    "factorial": {
        "name": "factorial",
        "params": [
            "n"
        ],
        "file": "num_conversion.c",
        "line": 42,
        "code": "    process_array(example_arr, example_size);\n}\n\n\nint factorial(int n) {\n var++;",
        "called_functions": [
            "factorial"
        ],
        "local_variables": [
            "n",
            "read"
        ]
    },
    "fibonacci": {
        "name": "fibonacci",
        "params": [
            "n"
        ],
        "file": "num_conversion.c",
        "line": 51,
        "code": "    return n * factorial(n - 1);\n}\n\n",
        "called_functions": [
            "fibonacci",
            "fibonacci"
        ],
        "local_variables": [
            "n"
        ]
    },
    "reverse_string": {
        "name": "reverse_string",
        "params": [
            "str"
        ],
        "file": "num_conversion.c",
        "line": 58,
        "code": "    return fibonacci(n - 1) + fibonacci(n - 2);\n}\n\n\nvoid reverse_string(char *str) {\n    int length = 0;",
        "called_functions": [],
        "local_variables": [
            "length",
            "i",
            "temp"
        ]
    },
    "perform_calculations": {
        "name": "perform_calculations",
        "params": [],
        "file": "num_conversion.c",
        "line": 71,
        "code": "    }\n}\n\n\nvoid perform_calculations() {\n\n    int array1[] = {5, 8, 2, 7, 1};\n    int size1 = sizeof(array1) / sizeof(array1[0]);\n    process_array(array1, size1);\n\n\n    int array2[] = {12, 15, 7};\n    int size2 = sizeof(array2) / sizeof(array2[0]);\n    process_array(array2, size2);\n\n    char test_str[] = \"HardcodedString\";",
        "called_functions": [
            "process_array",
            "process_array",
            "reverse_string",
            "factorial",
            "fibonacci"
        ],
        "local_variables": [
            "size1",
            "size2",
            "fact",
            "fib"
        ]
    }
}