<?xml version='1.0' encoding='UTF-8' standalone='no'?>
<doxygen xmlns:xsi="http://www.w3.org/2001/XMLSchema-instance" xsi:noNamespaceSchemaLocation="compound.xsd" version="1.11.0" xml:lang="en-US">
  <compounddef id="dir_85bd832618a13497c635da2d061dd18a" kind="dir">
    <compoundname>D:/code/project_1</compoundname>
    <innerfile refid="project__1_2num__conversion_8c">num_conversion.c</innerfile>
    <briefdescription>
    </briefdescription>
    <detaileddescription>
    </detaileddescription>
    <location file="D:/code/project_1/"/>
  </compounddef>
</doxygen>
