<?xml version='1.0' encoding='UTF-8' standalone='no'?>
<doxygen xmlns:xsi="http://www.w3.org/2001/XMLSchema-instance" xsi:noNamespaceSchemaLocation="compound.xsd" version="1.11.0" xml:lang="en-US">
  <compounddef id="dir_5eb95e089895dcfa253c9dfd62a45e33" kind="dir">
    <compoundname>src</compoundname>
    <innerfile refid="function__call_8c">function_call.c</innerfile>
    <innerfile refid="small__projects_2src_2num__conversion_8c">num_conversion.c</innerfile>
    <briefdescription>
    </briefdescription>
    <detaileddescription>
    </detaileddescription>
    <location file="src/"/>
  </compounddef>
</doxygen>
