<?xml version='1.0' encoding='UTF-8' standalone='no'?>
<doxygen xmlns:xsi="http://www.w3.org/2001/XMLSchema-instance" xsi:noNamespaceSchemaLocation="compound.xsd" version="1.11.0" xml:lang="en-US">
  <compounddef id="dir_68267d1309a1af8e8297ef4c3efbcdba" kind="dir">
    <compoundname>src</compoundname>
    <innerfile refid="function__call_8c">function_call.c</innerfile>
    <innerfile refid="num__conversion_8c">num_conversion.c</innerfile>
    <innerfile refid="snake__ladder_8c">snake_ladder.c</innerfile>
    <briefdescription>
    </briefdescription>
    <detaileddescription>
    </detaileddescription>
    <location file="src/"/>
  </compounddef>
</doxygen>
