<?xml version='1.0' encoding='UTF-8' standalone='no'?>
<doxygen xmlns:xsi="http://www.w3.org/2001/XMLSchema-instance" xsi:noNamespaceSchemaLocation="compound.xsd" version="1.11.0" xml:lang="en-US">
  <compounddef id="function__call_8c" kind="file" language="C++">
    <compoundname>function_call.c</compoundname>
    <sectiondef kind="var">
      <memberdef kind="variable" id="function__call_8c_1a9211899aa9882cc0ed5fe7926921a294" prot="public" static="no" mutable="no">
        <type>int</type>
        <definition>int global_var</definition>
        <argsstring></argsstring>
        <name>global_var</name>
        <initializer>= 0</initializer>
        <briefdescription>
        </briefdescription>
        <detaileddescription>
        </detaileddescription>
        <inbodydescription>
        </inbodydescription>
        <location file="src/function_call.c" line="6" column="5" bodyfile="src/function_call.c" bodystart="6" bodyend="-1"/>
        <referencedby refid="function__call_8c_1a549befee3353646289436dda452277d2" compoundref="function__call_8c" startline="24" endline="28">function1</referencedby>
        <referencedby refid="function__call_8c_1a754d4cd87786d7f998504885fcb665a2" compoundref="function__call_8c" startline="78" endline="81">function10</referencedby>
        <referencedby refid="function__call_8c_1a135da1264ec7c00b8de1f1b9147d3146" compoundref="function__call_8c" startline="30" endline="34">function2</referencedby>
        <referencedby refid="function__call_8c_1ad4420fbfa179acc83a8bdd096c973bdf" compoundref="function__call_8c" startline="36" endline="40">function3</referencedby>
        <referencedby refid="function__call_8c_1a3f149bac577e71d29dc69badd047fc25" compoundref="function__call_8c" startline="42" endline="46">function4</referencedby>
        <referencedby refid="function__call_8c_1ac09ac778aa864324ce8738e0b2ec7d98" compoundref="function__call_8c" startline="48" endline="52">function5</referencedby>
        <referencedby refid="function__call_8c_1a30d19f46c469e1fa57fe7393b629bf6c" compoundref="function__call_8c" startline="54" endline="58">function6</referencedby>
        <referencedby refid="function__call_8c_1ac7400d64f37cfa24973050112adafb4c" compoundref="function__call_8c" startline="60" endline="64">function7</referencedby>
        <referencedby refid="function__call_8c_1a4e13cd8042310eed9f03fd1117de6d90" compoundref="function__call_8c" startline="66" endline="70">function8</referencedby>
        <referencedby refid="function__call_8c_1a361ba82d790c58ffaa727f8fd25204c1" compoundref="function__call_8c" startline="72" endline="76">function9</referencedby>
      </memberdef>
    </sectiondef>
    <sectiondef kind="func">
      <memberdef kind="function" id="function__call_8c_1a549befee3353646289436dda452277d2" prot="public" static="no" const="no" explicit="no" inline="no" virt="non-virtual">
        <type>void</type>
        <definition>void function1</definition>
        <argsstring>()</argsstring>
        <name>function1</name>
        <briefdescription>
        </briefdescription>
        <detaileddescription>
        </detaileddescription>
        <inbodydescription>
        </inbodydescription>
        <location file="src/function_call.c" line="24" column="6" bodyfile="src/function_call.c" bodystart="24" bodyend="28" declfile="src/function_call.c" declline="8" declcolumn="6"/>
        <references refid="function__call_8c_1a135da1264ec7c00b8de1f1b9147d3146" compoundref="function__call_8c" startline="30" endline="34">function2</references>
        <references refid="function__call_8c_1a9211899aa9882cc0ed5fe7926921a294" compoundref="function__call_8c" startline="6">global_var</references>
        <referencedby refid="function__call_8c_1ae66f6b31b5ad750f1fe042a706a4e3d4" compoundref="function__call_8c" startline="19" endline="22">main</referencedby>
      </memberdef>
      <memberdef kind="function" id="function__call_8c_1a135da1264ec7c00b8de1f1b9147d3146" prot="public" static="no" const="no" explicit="no" inline="no" virt="non-virtual">
        <type>void</type>
        <definition>void function2</definition>
        <argsstring>()</argsstring>
        <name>function2</name>
        <briefdescription>
        </briefdescription>
        <detaileddescription>
        </detaileddescription>
        <inbodydescription>
        </inbodydescription>
        <location file="src/function_call.c" line="30" column="6" bodyfile="src/function_call.c" bodystart="30" bodyend="34" declfile="src/function_call.c" declline="9" declcolumn="6"/>
        <references refid="function__call_8c_1ad4420fbfa179acc83a8bdd096c973bdf" compoundref="function__call_8c" startline="36" endline="40">function3</references>
        <references refid="function__call_8c_1a9211899aa9882cc0ed5fe7926921a294" compoundref="function__call_8c" startline="6">global_var</references>
        <referencedby refid="function__call_8c_1a549befee3353646289436dda452277d2" compoundref="function__call_8c" startline="24" endline="28">function1</referencedby>
      </memberdef>
      <memberdef kind="function" id="function__call_8c_1ad4420fbfa179acc83a8bdd096c973bdf" prot="public" static="no" const="no" explicit="no" inline="no" virt="non-virtual">
        <type>void</type>
        <definition>void function3</definition>
        <argsstring>()</argsstring>
        <name>function3</name>
        <briefdescription>
        </briefdescription>
        <detaileddescription>
        </detaileddescription>
        <inbodydescription>
        </inbodydescription>
        <location file="src/function_call.c" line="36" column="6" bodyfile="src/function_call.c" bodystart="36" bodyend="40" declfile="src/function_call.c" declline="10" declcolumn="6"/>
        <references refid="function__call_8c_1a3f149bac577e71d29dc69badd047fc25" compoundref="function__call_8c" startline="42" endline="46">function4</references>
        <references refid="function__call_8c_1a9211899aa9882cc0ed5fe7926921a294" compoundref="function__call_8c" startline="6">global_var</references>
        <referencedby refid="function__call_8c_1a135da1264ec7c00b8de1f1b9147d3146" compoundref="function__call_8c" startline="30" endline="34">function2</referencedby>
      </memberdef>
      <memberdef kind="function" id="function__call_8c_1a3f149bac577e71d29dc69badd047fc25" prot="public" static="no" const="no" explicit="no" inline="no" virt="non-virtual">
        <type>void</type>
        <definition>void function4</definition>
        <argsstring>()</argsstring>
        <name>function4</name>
        <briefdescription>
        </briefdescription>
        <detaileddescription>
        </detaileddescription>
        <inbodydescription>
        </inbodydescription>
        <location file="src/function_call.c" line="42" column="6" bodyfile="src/function_call.c" bodystart="42" bodyend="46" declfile="src/function_call.c" declline="11" declcolumn="6"/>
        <references refid="function__call_8c_1ac09ac778aa864324ce8738e0b2ec7d98" compoundref="function__call_8c" startline="48" endline="52">function5</references>
        <references refid="function__call_8c_1a9211899aa9882cc0ed5fe7926921a294" compoundref="function__call_8c" startline="6">global_var</references>
        <referencedby refid="function__call_8c_1ad4420fbfa179acc83a8bdd096c973bdf" compoundref="function__call_8c" startline="36" endline="40">function3</referencedby>
      </memberdef>
      <memberdef kind="function" id="function__call_8c_1ac09ac778aa864324ce8738e0b2ec7d98" prot="public" static="no" const="no" explicit="no" inline="no" virt="non-virtual">
        <type>void</type>
        <definition>void function5</definition>
        <argsstring>()</argsstring>
        <name>function5</name>
        <briefdescription>
        </briefdescription>
        <detaileddescription>
        </detaileddescription>
        <inbodydescription>
        </inbodydescription>
        <location file="src/function_call.c" line="48" column="6" bodyfile="src/function_call.c" bodystart="48" bodyend="52" declfile="src/function_call.c" declline="12" declcolumn="6"/>
        <references refid="function__call_8c_1a30d19f46c469e1fa57fe7393b629bf6c" compoundref="function__call_8c" startline="54" endline="58">function6</references>
        <references refid="function__call_8c_1a9211899aa9882cc0ed5fe7926921a294" compoundref="function__call_8c" startline="6">global_var</references>
        <referencedby refid="function__call_8c_1a3f149bac577e71d29dc69badd047fc25" compoundref="function__call_8c" startline="42" endline="46">function4</referencedby>
      </memberdef>
      <memberdef kind="function" id="function__call_8c_1a30d19f46c469e1fa57fe7393b629bf6c" prot="public" static="no" const="no" explicit="no" inline="no" virt="non-virtual">
        <type>void</type>
        <definition>void function6</definition>
        <argsstring>()</argsstring>
        <name>function6</name>
        <briefdescription>
        </briefdescription>
        <detaileddescription>
        </detaileddescription>
        <inbodydescription>
        </inbodydescription>
        <location file="src/function_call.c" line="54" column="6" bodyfile="src/function_call.c" bodystart="54" bodyend="58" declfile="src/function_call.c" declline="13" declcolumn="6"/>
        <references refid="function__call_8c_1ac7400d64f37cfa24973050112adafb4c" compoundref="function__call_8c" startline="60" endline="64">function7</references>
        <references refid="function__call_8c_1a9211899aa9882cc0ed5fe7926921a294" compoundref="function__call_8c" startline="6">global_var</references>
        <referencedby refid="function__call_8c_1ac09ac778aa864324ce8738e0b2ec7d98" compoundref="function__call_8c" startline="48" endline="52">function5</referencedby>
      </memberdef>
      <memberdef kind="function" id="function__call_8c_1ac7400d64f37cfa24973050112adafb4c" prot="public" static="no" const="no" explicit="no" inline="no" virt="non-virtual">
        <type>void</type>
        <definition>void function7</definition>
        <argsstring>()</argsstring>
        <name>function7</name>
        <briefdescription>
        </briefdescription>
        <detaileddescription>
        </detaileddescription>
        <inbodydescription>
        </inbodydescription>
        <location file="src/function_call.c" line="60" column="6" bodyfile="src/function_call.c" bodystart="60" bodyend="64" declfile="src/function_call.c" declline="14" declcolumn="6"/>
        <references refid="function__call_8c_1a4e13cd8042310eed9f03fd1117de6d90" compoundref="function__call_8c" startline="66" endline="70">function8</references>
        <references refid="function__call_8c_1a9211899aa9882cc0ed5fe7926921a294" compoundref="function__call_8c" startline="6">global_var</references>
        <referencedby refid="function__call_8c_1a30d19f46c469e1fa57fe7393b629bf6c" compoundref="function__call_8c" startline="54" endline="58">function6</referencedby>
      </memberdef>
      <memberdef kind="function" id="function__call_8c_1a4e13cd8042310eed9f03fd1117de6d90" prot="public" static="no" const="no" explicit="no" inline="no" virt="non-virtual">
        <type>void</type>
        <definition>void function8</definition>
        <argsstring>()</argsstring>
        <name>function8</name>
        <briefdescription>
        </briefdescription>
        <detaileddescription>
        </detaileddescription>
        <inbodydescription>
        </inbodydescription>
        <location file="src/function_call.c" line="66" column="6" bodyfile="src/function_call.c" bodystart="66" bodyend="70" declfile="src/function_call.c" declline="15" declcolumn="6"/>
        <references refid="function__call_8c_1a361ba82d790c58ffaa727f8fd25204c1" compoundref="function__call_8c" startline="72" endline="76">function9</references>
        <references refid="function__call_8c_1a9211899aa9882cc0ed5fe7926921a294" compoundref="function__call_8c" startline="6">global_var</references>
        <referencedby refid="function__call_8c_1ac7400d64f37cfa24973050112adafb4c" compoundref="function__call_8c" startline="60" endline="64">function7</referencedby>
      </memberdef>
      <memberdef kind="function" id="function__call_8c_1a361ba82d790c58ffaa727f8fd25204c1" prot="public" static="no" const="no" explicit="no" inline="no" virt="non-virtual">
        <type>void</type>
        <definition>void function9</definition>
        <argsstring>()</argsstring>
        <name>function9</name>
        <briefdescription>
        </briefdescription>
        <detaileddescription>
        </detaileddescription>
        <inbodydescription>
        </inbodydescription>
        <location file="src/function_call.c" line="72" column="6" bodyfile="src/function_call.c" bodystart="72" bodyend="76" declfile="src/function_call.c" declline="16" declcolumn="6"/>
        <references refid="function__call_8c_1a754d4cd87786d7f998504885fcb665a2" compoundref="function__call_8c" startline="78" endline="81">function10</references>
        <references refid="function__call_8c_1a9211899aa9882cc0ed5fe7926921a294" compoundref="function__call_8c" startline="6">global_var</references>
        <referencedby refid="function__call_8c_1a4e13cd8042310eed9f03fd1117de6d90" compoundref="function__call_8c" startline="66" endline="70">function8</referencedby>
      </memberdef>
      <memberdef kind="function" id="function__call_8c_1a754d4cd87786d7f998504885fcb665a2" prot="public" static="no" const="no" explicit="no" inline="no" virt="non-virtual">
        <type>void</type>
        <definition>void function10</definition>
        <argsstring>()</argsstring>
        <name>function10</name>
        <briefdescription>
        </briefdescription>
        <detaileddescription>
        </detaileddescription>
        <inbodydescription>
        </inbodydescription>
        <location file="src/function_call.c" line="78" column="6" bodyfile="src/function_call.c" bodystart="78" bodyend="81" declfile="src/function_call.c" declline="17" declcolumn="6"/>
        <references refid="function__call_8c_1a9211899aa9882cc0ed5fe7926921a294" compoundref="function__call_8c" startline="6">global_var</references>
        <referencedby refid="function__call_8c_1a361ba82d790c58ffaa727f8fd25204c1" compoundref="function__call_8c" startline="72" endline="76">function9</referencedby>
      </memberdef>
      <memberdef kind="function" id="function__call_8c_1ae66f6b31b5ad750f1fe042a706a4e3d4" prot="public" static="no" const="no" explicit="no" inline="no" virt="non-virtual">
        <type>int</type>
        <definition>int main</definition>
        <argsstring>()</argsstring>
        <name>main</name>
        <briefdescription>
        </briefdescription>
        <detaileddescription>
        </detaileddescription>
        <inbodydescription>
        </inbodydescription>
        <location file="src/function_call.c" line="19" column="5" bodyfile="src/function_call.c" bodystart="19" bodyend="22"/>
        <references refid="function__call_8c_1a549befee3353646289436dda452277d2" compoundref="function__call_8c" startline="24" endline="28">function1</references>
      </memberdef>
    </sectiondef>
    <briefdescription>
    </briefdescription>
    <detaileddescription>
    </detaileddescription>
    <programlisting>
<codeline lineno="1"><highlight class="normal"></highlight></codeline>
<codeline lineno="2"><highlight class="normal"></highlight></codeline>
<codeline lineno="3"><highlight class="normal"></highlight></codeline>
<codeline lineno="4"><highlight class="normal"></highlight><highlight class="comment">//<sp/>Function<sp/>declarations</highlight><highlight class="normal"></highlight></codeline>
<codeline lineno="5"><highlight class="normal"></highlight></codeline>
<codeline lineno="6" refid="function__call_8c_1a9211899aa9882cc0ed5fe7926921a294" refkind="member"><highlight class="normal"></highlight><highlight class="keywordtype">int</highlight><highlight class="normal"><sp/><ref refid="function__call_8c_1a9211899aa9882cc0ed5fe7926921a294" kindref="member">global_var</ref><sp/>=<sp/>0;<sp/></highlight><highlight class="comment">//<sp/>Global<sp/>variable</highlight><highlight class="normal"></highlight></codeline>
<codeline lineno="7"><highlight class="normal"></highlight></codeline>
<codeline lineno="8"><highlight class="normal"></highlight><highlight class="keywordtype">void</highlight><highlight class="normal"><sp/><ref refid="function__call_8c_1a549befee3353646289436dda452277d2" kindref="member">function1</ref>();</highlight></codeline>
<codeline lineno="9"><highlight class="normal"></highlight><highlight class="keywordtype">void</highlight><highlight class="normal"><sp/><ref refid="function__call_8c_1a135da1264ec7c00b8de1f1b9147d3146" kindref="member">function2</ref>();</highlight></codeline>
<codeline lineno="10"><highlight class="normal"></highlight><highlight class="keywordtype">void</highlight><highlight class="normal"><sp/><ref refid="function__call_8c_1ad4420fbfa179acc83a8bdd096c973bdf" kindref="member">function3</ref>();</highlight></codeline>
<codeline lineno="11"><highlight class="normal"></highlight><highlight class="keywordtype">void</highlight><highlight class="normal"><sp/><ref refid="function__call_8c_1a3f149bac577e71d29dc69badd047fc25" kindref="member">function4</ref>();</highlight></codeline>
<codeline lineno="12"><highlight class="normal"></highlight><highlight class="keywordtype">void</highlight><highlight class="normal"><sp/><ref refid="function__call_8c_1ac09ac778aa864324ce8738e0b2ec7d98" kindref="member">function5</ref>();</highlight></codeline>
<codeline lineno="13"><highlight class="normal"></highlight><highlight class="keywordtype">void</highlight><highlight class="normal"><sp/><ref refid="function__call_8c_1a30d19f46c469e1fa57fe7393b629bf6c" kindref="member">function6</ref>();</highlight></codeline>
<codeline lineno="14"><highlight class="normal"></highlight><highlight class="keywordtype">void</highlight><highlight class="normal"><sp/><ref refid="function__call_8c_1ac7400d64f37cfa24973050112adafb4c" kindref="member">function7</ref>();</highlight></codeline>
<codeline lineno="15"><highlight class="normal"></highlight><highlight class="keywordtype">void</highlight><highlight class="normal"><sp/><ref refid="function__call_8c_1a4e13cd8042310eed9f03fd1117de6d90" kindref="member">function8</ref>();</highlight></codeline>
<codeline lineno="16"><highlight class="normal"></highlight><highlight class="keywordtype">void</highlight><highlight class="normal"><sp/><ref refid="function__call_8c_1a361ba82d790c58ffaa727f8fd25204c1" kindref="member">function9</ref>();</highlight></codeline>
<codeline lineno="17"><highlight class="normal"></highlight><highlight class="keywordtype">void</highlight><highlight class="normal"><sp/><ref refid="function__call_8c_1a754d4cd87786d7f998504885fcb665a2" kindref="member">function10</ref>();</highlight></codeline>
<codeline lineno="18"><highlight class="normal"></highlight></codeline>
<codeline lineno="19" refid="function__call_8c_1ae66f6b31b5ad750f1fe042a706a4e3d4" refkind="member"><highlight class="normal"></highlight><highlight class="keywordtype">int</highlight><highlight class="normal"><sp/><ref refid="function__call_8c_1ae66f6b31b5ad750f1fe042a706a4e3d4" kindref="member">main</ref>()<sp/>{</highlight></codeline>
<codeline lineno="20"><highlight class="normal"><sp/><sp/><sp/><sp/><ref refid="function__call_8c_1a549befee3353646289436dda452277d2" kindref="member">function1</ref>();</highlight></codeline>
<codeline lineno="21"><highlight class="normal"><sp/><sp/><sp/><sp/></highlight><highlight class="keywordflow">return</highlight><highlight class="normal"><sp/>0;</highlight></codeline>
<codeline lineno="22"><highlight class="normal">}</highlight></codeline>
<codeline lineno="23"><highlight class="normal"></highlight></codeline>
<codeline lineno="24" refid="function__call_8c_1a549befee3353646289436dda452277d2" refkind="member"><highlight class="normal"></highlight><highlight class="keywordtype">void</highlight><highlight class="normal"><sp/><ref refid="function__call_8c_1a549befee3353646289436dda452277d2" kindref="member">function1</ref>()<sp/>{</highlight></codeline>
<codeline lineno="25"><highlight class="normal"><sp/><sp/><sp/><sp/></highlight><highlight class="keywordtype">int</highlight><highlight class="normal"><sp/>var1<sp/>=<sp/>10,<sp/>var2<sp/>=<sp/>20;</highlight></codeline>
<codeline lineno="26"><highlight class="normal"><sp/><sp/><sp/><sp/><ref refid="function__call_8c_1a9211899aa9882cc0ed5fe7926921a294" kindref="member">global_var</ref>++;</highlight></codeline>
<codeline lineno="27"><highlight class="normal"><sp/><sp/><sp/><sp/><ref refid="function__call_8c_1a135da1264ec7c00b8de1f1b9147d3146" kindref="member">function2</ref>();</highlight></codeline>
<codeline lineno="28"><highlight class="normal">}</highlight></codeline>
<codeline lineno="29"><highlight class="normal"></highlight></codeline>
<codeline lineno="30" refid="function__call_8c_1a135da1264ec7c00b8de1f1b9147d3146" refkind="member"><highlight class="normal"></highlight><highlight class="keywordtype">void</highlight><highlight class="normal"><sp/><ref refid="function__call_8c_1a135da1264ec7c00b8de1f1b9147d3146" kindref="member">function2</ref>()<sp/>{</highlight></codeline>
<codeline lineno="31"><highlight class="normal"><sp/><sp/><sp/><sp/></highlight><highlight class="keywordtype">int</highlight><highlight class="normal"><sp/>var1<sp/>=<sp/>30,<sp/>var2<sp/>=<sp/>40;</highlight></codeline>
<codeline lineno="32"><highlight class="normal"><sp/><sp/><sp/><sp/><ref refid="function__call_8c_1a9211899aa9882cc0ed5fe7926921a294" kindref="member">global_var</ref>++;</highlight></codeline>
<codeline lineno="33"><highlight class="normal"><sp/><sp/><sp/><sp/><ref refid="function__call_8c_1ad4420fbfa179acc83a8bdd096c973bdf" kindref="member">function3</ref>();</highlight></codeline>
<codeline lineno="34"><highlight class="normal">}</highlight></codeline>
<codeline lineno="35"><highlight class="normal"></highlight></codeline>
<codeline lineno="36" refid="function__call_8c_1ad4420fbfa179acc83a8bdd096c973bdf" refkind="member"><highlight class="normal"></highlight><highlight class="keywordtype">void</highlight><highlight class="normal"><sp/><ref refid="function__call_8c_1ad4420fbfa179acc83a8bdd096c973bdf" kindref="member">function3</ref>()<sp/>{</highlight></codeline>
<codeline lineno="37"><highlight class="normal"><sp/><sp/><sp/><sp/></highlight><highlight class="keywordtype">int</highlight><highlight class="normal"><sp/>var1<sp/>=<sp/>50,<sp/>var2<sp/>=<sp/>60;</highlight></codeline>
<codeline lineno="38"><highlight class="normal"><sp/><sp/><sp/><sp/><ref refid="function__call_8c_1a9211899aa9882cc0ed5fe7926921a294" kindref="member">global_var</ref>++;</highlight></codeline>
<codeline lineno="39"><highlight class="normal"><sp/><sp/><sp/><sp/><ref refid="function__call_8c_1a3f149bac577e71d29dc69badd047fc25" kindref="member">function4</ref>();</highlight></codeline>
<codeline lineno="40"><highlight class="normal">}</highlight></codeline>
<codeline lineno="41"><highlight class="normal"></highlight></codeline>
<codeline lineno="42" refid="function__call_8c_1a3f149bac577e71d29dc69badd047fc25" refkind="member"><highlight class="normal"></highlight><highlight class="keywordtype">void</highlight><highlight class="normal"><sp/><ref refid="function__call_8c_1a3f149bac577e71d29dc69badd047fc25" kindref="member">function4</ref>()<sp/>{</highlight></codeline>
<codeline lineno="43"><highlight class="normal"><sp/><sp/><sp/><sp/></highlight><highlight class="keywordtype">int</highlight><highlight class="normal"><sp/>var1<sp/>=<sp/>70,<sp/>var2<sp/>=<sp/>80;</highlight></codeline>
<codeline lineno="44"><highlight class="normal"><sp/><sp/><sp/><sp/><ref refid="function__call_8c_1a9211899aa9882cc0ed5fe7926921a294" kindref="member">global_var</ref>++;</highlight></codeline>
<codeline lineno="45"><highlight class="normal"><sp/><sp/><sp/><sp/><ref refid="function__call_8c_1ac09ac778aa864324ce8738e0b2ec7d98" kindref="member">function5</ref>();</highlight></codeline>
<codeline lineno="46"><highlight class="normal">}</highlight></codeline>
<codeline lineno="47"><highlight class="normal"></highlight></codeline>
<codeline lineno="48" refid="function__call_8c_1ac09ac778aa864324ce8738e0b2ec7d98" refkind="member"><highlight class="normal"></highlight><highlight class="keywordtype">void</highlight><highlight class="normal"><sp/><ref refid="function__call_8c_1ac09ac778aa864324ce8738e0b2ec7d98" kindref="member">function5</ref>()<sp/>{</highlight></codeline>
<codeline lineno="49"><highlight class="normal"><sp/><sp/><sp/><sp/></highlight><highlight class="keywordtype">int</highlight><highlight class="normal"><sp/>var1<sp/>=<sp/>90,<sp/>var2<sp/>=<sp/>100;</highlight></codeline>
<codeline lineno="50"><highlight class="normal"><sp/><sp/><sp/><sp/><ref refid="function__call_8c_1a9211899aa9882cc0ed5fe7926921a294" kindref="member">global_var</ref>++;</highlight></codeline>
<codeline lineno="51"><highlight class="normal"><sp/><sp/><sp/><sp/><ref refid="function__call_8c_1a30d19f46c469e1fa57fe7393b629bf6c" kindref="member">function6</ref>();</highlight></codeline>
<codeline lineno="52"><highlight class="normal">}</highlight></codeline>
<codeline lineno="53"><highlight class="normal"></highlight></codeline>
<codeline lineno="54" refid="function__call_8c_1a30d19f46c469e1fa57fe7393b629bf6c" refkind="member"><highlight class="normal"></highlight><highlight class="keywordtype">void</highlight><highlight class="normal"><sp/><ref refid="function__call_8c_1a30d19f46c469e1fa57fe7393b629bf6c" kindref="member">function6</ref>()<sp/>{</highlight></codeline>
<codeline lineno="55"><highlight class="normal"><sp/><sp/><sp/><sp/></highlight><highlight class="keywordtype">int</highlight><highlight class="normal"><sp/>var1<sp/>=<sp/>110,<sp/>var2<sp/>=<sp/>120;</highlight></codeline>
<codeline lineno="56"><highlight class="normal"><sp/><sp/><sp/><sp/><ref refid="function__call_8c_1a9211899aa9882cc0ed5fe7926921a294" kindref="member">global_var</ref>++;</highlight></codeline>
<codeline lineno="57"><highlight class="normal"><sp/><sp/><sp/><sp/><ref refid="function__call_8c_1ac7400d64f37cfa24973050112adafb4c" kindref="member">function7</ref>();</highlight></codeline>
<codeline lineno="58"><highlight class="normal">}</highlight></codeline>
<codeline lineno="59"><highlight class="normal"></highlight></codeline>
<codeline lineno="60" refid="function__call_8c_1ac7400d64f37cfa24973050112adafb4c" refkind="member"><highlight class="normal"></highlight><highlight class="keywordtype">void</highlight><highlight class="normal"><sp/><ref refid="function__call_8c_1ac7400d64f37cfa24973050112adafb4c" kindref="member">function7</ref>()<sp/>{</highlight></codeline>
<codeline lineno="61"><highlight class="normal"><sp/><sp/><sp/><sp/></highlight><highlight class="keywordtype">int</highlight><highlight class="normal"><sp/>var1<sp/>=<sp/>130,<sp/>var2<sp/>=<sp/>140;</highlight></codeline>
<codeline lineno="62"><highlight class="normal"><sp/><sp/><sp/><sp/><ref refid="function__call_8c_1a9211899aa9882cc0ed5fe7926921a294" kindref="member">global_var</ref>++;</highlight></codeline>
<codeline lineno="63"><highlight class="normal"><sp/><sp/><sp/><sp/><ref refid="function__call_8c_1a4e13cd8042310eed9f03fd1117de6d90" kindref="member">function8</ref>();</highlight></codeline>
<codeline lineno="64"><highlight class="normal">}</highlight></codeline>
<codeline lineno="65"><highlight class="normal"></highlight></codeline>
<codeline lineno="66" refid="function__call_8c_1a4e13cd8042310eed9f03fd1117de6d90" refkind="member"><highlight class="normal"></highlight><highlight class="keywordtype">void</highlight><highlight class="normal"><sp/><ref refid="function__call_8c_1a4e13cd8042310eed9f03fd1117de6d90" kindref="member">function8</ref>()<sp/>{</highlight></codeline>
<codeline lineno="67"><highlight class="normal"><sp/><sp/><sp/><sp/></highlight><highlight class="keywordtype">int</highlight><highlight class="normal"><sp/>var1<sp/>=<sp/>150,<sp/>var2<sp/>=<sp/>160;</highlight></codeline>
<codeline lineno="68"><highlight class="normal"><sp/><sp/><sp/><sp/><ref refid="function__call_8c_1a9211899aa9882cc0ed5fe7926921a294" kindref="member">global_var</ref>++;</highlight></codeline>
<codeline lineno="69"><highlight class="normal"><sp/><sp/><sp/><sp/><ref refid="function__call_8c_1a361ba82d790c58ffaa727f8fd25204c1" kindref="member">function9</ref>();</highlight></codeline>
<codeline lineno="70"><highlight class="normal">}</highlight></codeline>
<codeline lineno="71"><highlight class="normal"></highlight></codeline>
<codeline lineno="72" refid="function__call_8c_1a361ba82d790c58ffaa727f8fd25204c1" refkind="member"><highlight class="normal"></highlight><highlight class="keywordtype">void</highlight><highlight class="normal"><sp/><ref refid="function__call_8c_1a361ba82d790c58ffaa727f8fd25204c1" kindref="member">function9</ref>()<sp/>{</highlight></codeline>
<codeline lineno="73"><highlight class="normal"><sp/><sp/><sp/><sp/></highlight><highlight class="keywordtype">int</highlight><highlight class="normal"><sp/>var1<sp/>=<sp/>170,<sp/>var2<sp/>=<sp/>180;</highlight></codeline>
<codeline lineno="74"><highlight class="normal"><sp/><sp/><sp/><sp/><ref refid="function__call_8c_1a9211899aa9882cc0ed5fe7926921a294" kindref="member">global_var</ref>++;</highlight></codeline>
<codeline lineno="75"><highlight class="normal"><sp/><sp/><sp/><sp/><ref refid="function__call_8c_1a754d4cd87786d7f998504885fcb665a2" kindref="member">function10</ref>();</highlight></codeline>
<codeline lineno="76"><highlight class="normal">}</highlight></codeline>
<codeline lineno="77"><highlight class="normal"></highlight></codeline>
<codeline lineno="78" refid="function__call_8c_1a754d4cd87786d7f998504885fcb665a2" refkind="member"><highlight class="normal"></highlight><highlight class="keywordtype">void</highlight><highlight class="normal"><sp/><ref refid="function__call_8c_1a754d4cd87786d7f998504885fcb665a2" kindref="member">function10</ref>()<sp/>{</highlight></codeline>
<codeline lineno="79"><highlight class="normal"><sp/><sp/><sp/><sp/></highlight><highlight class="keywordtype">int</highlight><highlight class="normal"><sp/>var1<sp/>=<sp/>190,<sp/>var2<sp/>=<sp/>200;</highlight></codeline>
<codeline lineno="80"><highlight class="normal"><sp/><sp/><sp/><sp/><ref refid="function__call_8c_1a9211899aa9882cc0ed5fe7926921a294" kindref="member">global_var</ref>++;</highlight></codeline>
<codeline lineno="81"><highlight class="normal">}</highlight></codeline>
<codeline lineno="82"><highlight class="normal"></highlight></codeline>
<codeline lineno="83"><highlight class="normal"></highlight></codeline>
    </programlisting>
    <location file="src/function_call.c"/>
  </compounddef>
</doxygen>
