<?xml version='1.0' encoding='UTF-8' standalone='no'?>
<doxygenindex xmlns:xsi="http://www.w3.org/2001/XMLSchema-instance" xsi:noNamespaceSchemaLocation="index.xsd" version="1.11.0" xml:lang="en-US">
  <compound refid="function__call_8c" kind="file"><name>function_call.c</name>
    <member refid="function__call_8c_1a9211899aa9882cc0ed5fe7926921a294" kind="variable"><name>global_var</name></member>
    <member refid="function__call_8c_1a549befee3353646289436dda452277d2" kind="function"><name>function1</name></member>
    <member refid="function__call_8c_1a135da1264ec7c00b8de1f1b9147d3146" kind="function"><name>function2</name></member>
    <member refid="function__call_8c_1ad4420fbfa179acc83a8bdd096c973bdf" kind="function"><name>function3</name></member>
    <member refid="function__call_8c_1a3f149bac577e71d29dc69badd047fc25" kind="function"><name>function4</name></member>
    <member refid="function__call_8c_1ac09ac778aa864324ce8738e0b2ec7d98" kind="function"><name>function5</name></member>
    <member refid="function__call_8c_1a30d19f46c469e1fa57fe7393b629bf6c" kind="function"><name>function6</name></member>
    <member refid="function__call_8c_1ac7400d64f37cfa24973050112adafb4c" kind="function"><name>function7</name></member>
    <member refid="function__call_8c_1a4e13cd8042310eed9f03fd1117de6d90" kind="function"><name>function8</name></member>
    <member refid="function__call_8c_1a361ba82d790c58ffaa727f8fd25204c1" kind="function"><name>function9</name></member>
    <member refid="function__call_8c_1a754d4cd87786d7f998504885fcb665a2" kind="function"><name>function10</name></member>
    <member refid="function__call_8c_1ae66f6b31b5ad750f1fe042a706a4e3d4" kind="function"><name>main</name></member>
  </compound>
  <compound refid="num__conversion_8c" kind="file"><name>num_conversion.c</name>
    <member refid="num__conversion_8c_1a96c77f9f3a7baec84b9b8add26a31787" kind="variable"><name>var</name></member>
    <member refid="num__conversion_8c_1a9211899aa9882cc0ed5fe7926921a294" kind="variable"><name>global_var</name></member>
    <member refid="num__conversion_8c_1a90cc493d0a2d314a6dab34b1291719b0" kind="function"><name>process_array</name></member>
    <member refid="num__conversion_8c_1ae1b37c26bb8e5744f5747d6cd6505356" kind="function"><name>factorial</name></member>
    <member refid="num__conversion_8c_1a9dbc4d0e3c5e97b137283f4a8803facd" kind="function"><name>fibonacci</name></member>
    <member refid="num__conversion_8c_1ac0c1c8b3324f8321a3972e0b0b95d4bf" kind="function"><name>reverse_string</name></member>
    <member refid="num__conversion_8c_1a75da7debf2c800c1a5f8fc4d0d11fc1b" kind="function"><name>perform_calculations</name></member>
    <member refid="num__conversion_8c_1ae66f6b31b5ad750f1fe042a706a4e3d4" kind="function"><name>main</name></member>
  </compound>
  <compound refid="snake__ladder_8c" kind="file"><name>snake_ladder.c</name>
    <member refid="snake__ladder_8c_1a431f82bf003945284e9e5369aa17a3c8" kind="variable"><name>player1</name></member>
    <member refid="snake__ladder_8c_1ad60e9371981a2ebf68cd1916647d89de" kind="variable"><name>player2</name></member>
    <member refid="snake__ladder_8c_1a5b6cc97434889cef83b1f6afc60cf89b" kind="function"><name>rollDie</name></member>
    <member refid="snake__ladder_8c_1a8310d6d1e915cb179f834d9ca017950a" kind="function"><name>printBoard</name></member>
    <member refid="snake__ladder_8c_1addc913fe2a1a4a29b47fd9ca6d861cee" kind="function"><name>movePlayer</name></member>
    <member refid="snake__ladder_8c_1ae66f6b31b5ad750f1fe042a706a4e3d4" kind="function"><name>main</name></member>
  </compound>
  <compound refid="dir_68267d1309a1af8e8297ef4c3efbcdba" kind="dir"><name>src</name>
  </compound>
</doxygenindex>
