<?xml version='1.0' encoding='UTF-8' standalone='no'?>
<doxygen xmlns:xsi="http://www.w3.org/2001/XMLSchema-instance" xsi:noNamespaceSchemaLocation="compound.xsd" version="1.11.0" xml:lang="en-US">
  <compounddef id="snake__ladder_8c" kind="file" language="C++">
    <compoundname>snake_ladder.c</compoundname>
    <includes local="no">stdio.h</includes>
    <includes local="no">stdlib.h</includes>
    <includes local="no">time.h</includes>
    <incdepgraph>
      <node id="1">
        <label>src/snake_ladder.c</label>
        <link refid="snake__ladder_8c"/>
        <childnode refid="2" relation="include">
        </childnode>
        <childnode refid="3" relation="include">
        </childnode>
        <childnode refid="4" relation="include">
        </childnode>
      </node>
      <node id="2">
        <label>stdio.h</label>
      </node>
      <node id="3">
        <label>stdlib.h</label>
      </node>
      <node id="4">
        <label>time.h</label>
      </node>
    </incdepgraph>
    <sectiondef kind="var">
      <memberdef kind="variable" id="snake__ladder_8c_1a431f82bf003945284e9e5369aa17a3c8" prot="public" static="no" mutable="no">
        <type>int</type>
        <definition>int player1</definition>
        <argsstring></argsstring>
        <name>player1</name>
        <initializer>= 0</initializer>
        <briefdescription>
        </briefdescription>
        <detaileddescription>
        </detaileddescription>
        <inbodydescription>
        </inbodydescription>
        <location file="src/snake_ladder.c" line="9" column="5" bodyfile="src/snake_ladder.c" bodystart="9" bodyend="-1"/>
        <referencedby refid="snake__ladder_8c_1ae66f6b31b5ad750f1fe042a706a4e3d4" compoundref="snake__ladder_8c" startline="100" endline="143">main</referencedby>
        <referencedby refid="snake__ladder_8c_1a8310d6d1e915cb179f834d9ca017950a" compoundref="snake__ladder_8c" startline="12" endline="65">printBoard</referencedby>
      </memberdef>
      <memberdef kind="variable" id="snake__ladder_8c_1ad60e9371981a2ebf68cd1916647d89de" prot="public" static="no" mutable="no">
        <type>int</type>
        <definition>int player2</definition>
        <argsstring></argsstring>
        <name>player2</name>
        <initializer>= 0</initializer>
        <briefdescription>
        </briefdescription>
        <detaileddescription>
        </detaileddescription>
        <inbodydescription>
        </inbodydescription>
        <location file="src/snake_ladder.c" line="9" column="14" bodyfile="src/snake_ladder.c" bodystart="9" bodyend="-1"/>
        <referencedby refid="snake__ladder_8c_1ae66f6b31b5ad750f1fe042a706a4e3d4" compoundref="snake__ladder_8c" startline="100" endline="143">main</referencedby>
        <referencedby refid="snake__ladder_8c_1a8310d6d1e915cb179f834d9ca017950a" compoundref="snake__ladder_8c" startline="12" endline="65">printBoard</referencedby>
      </memberdef>
    </sectiondef>
    <sectiondef kind="func">
      <memberdef kind="function" id="snake__ladder_8c_1a5b6cc97434889cef83b1f6afc60cf89b" prot="public" static="no" const="no" explicit="no" inline="no" virt="non-virtual">
        <type>int</type>
        <definition>int rollDie</definition>
        <argsstring>()</argsstring>
        <name>rollDie</name>
        <briefdescription>
        </briefdescription>
        <detaileddescription>
        </detaileddescription>
        <inbodydescription>
        </inbodydescription>
        <location file="src/snake_ladder.c" line="6" column="5" bodyfile="src/snake_ladder.c" bodystart="6" bodyend="6"/>
        <referencedby refid="snake__ladder_8c_1ae66f6b31b5ad750f1fe042a706a4e3d4" compoundref="snake__ladder_8c" startline="100" endline="143">main</referencedby>
      </memberdef>
      <memberdef kind="function" id="snake__ladder_8c_1a8310d6d1e915cb179f834d9ca017950a" prot="public" static="no" const="no" explicit="no" inline="no" virt="non-virtual">
        <type>void</type>
        <definition>void printBoard</definition>
        <argsstring>()</argsstring>
        <name>printBoard</name>
        <briefdescription>
        </briefdescription>
        <detaileddescription>
        </detaileddescription>
        <inbodydescription>
        </inbodydescription>
        <location file="src/snake_ladder.c" line="12" column="6" bodyfile="src/snake_ladder.c" bodystart="12" bodyend="65"/>
        <references refid="snake__ladder_8c_1a431f82bf003945284e9e5369aa17a3c8" compoundref="snake__ladder_8c" startline="9">player1</references>
        <references refid="snake__ladder_8c_1ad60e9371981a2ebf68cd1916647d89de" compoundref="snake__ladder_8c" startline="9">player2</references>
        <referencedby refid="snake__ladder_8c_1ae66f6b31b5ad750f1fe042a706a4e3d4" compoundref="snake__ladder_8c" startline="100" endline="143">main</referencedby>
      </memberdef>
      <memberdef kind="function" id="snake__ladder_8c_1addc913fe2a1a4a29b47fd9ca6d861cee" prot="public" static="no" const="no" explicit="no" inline="no" virt="non-virtual">
        <type>int</type>
        <definition>int movePlayer</definition>
        <argsstring>(int currentPlayer, int roll)</argsstring>
        <name>movePlayer</name>
        <param>
          <type>int</type>
          <declname>currentPlayer</declname>
        </param>
        <param>
          <type>int</type>
          <declname>roll</declname>
        </param>
        <briefdescription>
        </briefdescription>
        <detaileddescription>
        </detaileddescription>
        <inbodydescription>
        </inbodydescription>
        <location file="src/snake_ladder.c" line="68" column="5" bodyfile="src/snake_ladder.c" bodystart="68" bodyend="98"/>
        <referencedby refid="snake__ladder_8c_1ae66f6b31b5ad750f1fe042a706a4e3d4" compoundref="snake__ladder_8c" startline="100" endline="143">main</referencedby>
      </memberdef>
      <memberdef kind="function" id="snake__ladder_8c_1ae66f6b31b5ad750f1fe042a706a4e3d4" prot="public" static="no" const="no" explicit="no" inline="no" virt="non-virtual">
        <type>int</type>
        <definition>int main</definition>
        <argsstring>()</argsstring>
        <name>main</name>
        <briefdescription>
        </briefdescription>
        <detaileddescription>
        </detaileddescription>
        <inbodydescription>
        </inbodydescription>
        <location file="src/snake_ladder.c" line="100" column="5" bodyfile="src/snake_ladder.c" bodystart="100" bodyend="143"/>
        <references refid="snake__ladder_8c_1addc913fe2a1a4a29b47fd9ca6d861cee" compoundref="snake__ladder_8c" startline="68" endline="98">movePlayer</references>
        <references refid="snake__ladder_8c_1a431f82bf003945284e9e5369aa17a3c8" compoundref="snake__ladder_8c" startline="9">player1</references>
        <references refid="snake__ladder_8c_1ad60e9371981a2ebf68cd1916647d89de" compoundref="snake__ladder_8c" startline="9">player2</references>
        <references refid="snake__ladder_8c_1a8310d6d1e915cb179f834d9ca017950a" compoundref="snake__ladder_8c" startline="12" endline="65">printBoard</references>
        <references refid="snake__ladder_8c_1a5b6cc97434889cef83b1f6afc60cf89b" compoundref="snake__ladder_8c" startline="6" endline="6">rollDie</references>
      </memberdef>
    </sectiondef>
    <briefdescription>
    </briefdescription>
    <detaileddescription>
    </detaileddescription>
    <programlisting>
<codeline lineno="1"><highlight class="comment">//<sp/>C<sp/>Program<sp/>to<sp/>implement<sp/>Snake<sp/>and<sp/>Ladder<sp/>Game<sp/></highlight><highlight class="normal"></highlight></codeline>
<codeline lineno="2"><highlight class="normal"></highlight><highlight class="preprocessor">#include<sp/>&lt;stdio.h&gt;</highlight><highlight class="normal"><sp/></highlight></codeline>
<codeline lineno="3"><highlight class="normal"></highlight><highlight class="preprocessor">#include<sp/>&lt;stdlib.h&gt;</highlight><highlight class="normal"><sp/></highlight></codeline>
<codeline lineno="4"><highlight class="normal"></highlight><highlight class="preprocessor">#include<sp/>&lt;time.h&gt;</highlight><highlight class="normal"><sp/></highlight></codeline>
<codeline lineno="5"><highlight class="normal"></highlight><highlight class="comment">//<sp/>Function<sp/>to<sp/>roll<sp/>a<sp/>six-sided<sp/>die<sp/></highlight><highlight class="normal"></highlight></codeline>
<codeline lineno="6" refid="snake__ladder_8c_1a5b6cc97434889cef83b1f6afc60cf89b" refkind="member"><highlight class="normal"></highlight><highlight class="keywordtype">int</highlight><highlight class="normal"><sp/><ref refid="snake__ladder_8c_1a5b6cc97434889cef83b1f6afc60cf89b" kindref="member">rollDie</ref>()<sp/>{<sp/></highlight><highlight class="keywordflow">return</highlight><highlight class="normal"><sp/>rand()<sp/>%<sp/>6<sp/>+<sp/>1;<sp/>}<sp/></highlight></codeline>
<codeline lineno="7"><highlight class="normal"></highlight></codeline>
<codeline lineno="8"><highlight class="normal"></highlight><highlight class="comment">//<sp/>global<sp/>variables<sp/>to<sp/>store<sp/>postions<sp/>of<sp/>player1<sp/>and<sp/>player2<sp/></highlight><highlight class="normal"></highlight></codeline>
<codeline lineno="9" refid="snake__ladder_8c_1a431f82bf003945284e9e5369aa17a3c8" refkind="member"><highlight class="normal"></highlight><highlight class="keywordtype">int</highlight><highlight class="normal"><sp/><ref refid="snake__ladder_8c_1a431f82bf003945284e9e5369aa17a3c8" kindref="member">player1</ref><sp/>=<sp/>0,<sp/><ref refid="snake__ladder_8c_1ad60e9371981a2ebf68cd1916647d89de" kindref="member">player2</ref><sp/>=<sp/>0;<sp/></highlight></codeline>
<codeline lineno="10"><highlight class="normal"></highlight></codeline>
<codeline lineno="11"><highlight class="normal"></highlight><highlight class="comment">//<sp/>Function<sp/>to<sp/>print<sp/>the<sp/>board<sp/></highlight><highlight class="normal"></highlight></codeline>
<codeline lineno="12" refid="snake__ladder_8c_1a8310d6d1e915cb179f834d9ca017950a" refkind="member"><highlight class="normal"></highlight><highlight class="keywordtype">void</highlight><highlight class="normal"><sp/><ref refid="snake__ladder_8c_1a8310d6d1e915cb179f834d9ca017950a" kindref="member">printBoard</ref>()<sp/></highlight></codeline>
<codeline lineno="13"><highlight class="normal">{<sp/></highlight></codeline>
<codeline lineno="14"><highlight class="normal"><sp/><sp/><sp/><sp/></highlight><highlight class="comment">//<sp/>logic<sp/>to<sp/>print<sp/>a<sp/>snake-ladder<sp/>Game<sp/>board<sp/></highlight><highlight class="normal"></highlight></codeline>
<codeline lineno="15"><highlight class="normal"><sp/><sp/><sp/><sp/></highlight><highlight class="comment">//<sp/>programmer<sp/>can<sp/>implement<sp/>their<sp/>own<sp/>logic<sp/>for<sp/>the<sp/>board,<sp/></highlight><highlight class="normal"></highlight></codeline>
<codeline lineno="16"><highlight class="normal"><sp/><sp/><sp/><sp/></highlight><highlight class="comment">//<sp/>this<sp/>is<sp/>one<sp/>way<sp/>to<sp/>print<sp/>a<sp/>snake<sp/>ladder<sp/>board.<sp/></highlight><highlight class="normal"></highlight></codeline>
<codeline lineno="17"><highlight class="normal"><sp/><sp/><sp/><sp/></highlight><highlight class="keywordtype">int</highlight><highlight class="normal"><sp/>board[101];<sp/></highlight></codeline>
<codeline lineno="18"><highlight class="normal"><sp/><sp/><sp/><sp/></highlight><highlight class="keywordflow">for</highlight><highlight class="normal"><sp/>(</highlight><highlight class="keywordtype">int</highlight><highlight class="normal"><sp/>i<sp/>=<sp/>1;<sp/>i<sp/>&lt;=<sp/>100;<sp/>i++)<sp/>{<sp/></highlight></codeline>
<codeline lineno="19"><highlight class="normal"><sp/><sp/><sp/><sp/><sp/><sp/><sp/><sp/>board[i]<sp/>=<sp/>i;<sp/></highlight></codeline>
<codeline lineno="20"><highlight class="normal"><sp/><sp/><sp/><sp/>}<sp/></highlight></codeline>
<codeline lineno="21"><highlight class="normal"></highlight></codeline>
<codeline lineno="22"><highlight class="normal"><sp/><sp/><sp/><sp/></highlight><highlight class="keywordtype">int</highlight><highlight class="normal"><sp/>alt<sp/>=<sp/>0;<sp/></highlight><highlight class="comment">//<sp/>to<sp/>switch<sp/>between<sp/>the<sp/>alternate<sp/>nature<sp/>of<sp/>the<sp/>board<sp/></highlight><highlight class="normal"></highlight></codeline>
<codeline lineno="23"><highlight class="normal"><sp/><sp/><sp/><sp/></highlight><highlight class="keywordtype">int</highlight><highlight class="normal"><sp/>iterLR<sp/>=<sp/>101;<sp/></highlight><highlight class="comment">//<sp/>iterator<sp/>to<sp/>print<sp/>from<sp/>left<sp/>to<sp/>right<sp/></highlight><highlight class="normal"></highlight></codeline>
<codeline lineno="24"><highlight class="normal"><sp/><sp/><sp/><sp/></highlight><highlight class="keywordtype">int</highlight><highlight class="normal"><sp/>iterRL<sp/>=<sp/>80;<sp/></highlight><highlight class="comment">//<sp/>iterator<sp/>to<sp/>print<sp/>from<sp/>right<sp/>to<sp/>left<sp/></highlight><highlight class="normal"></highlight></codeline>
<codeline lineno="25"><highlight class="normal"><sp/><sp/><sp/><sp/></highlight><highlight class="keywordtype">int</highlight><highlight class="normal"><sp/>val<sp/>=<sp/>100;<sp/><sp/><sp/></highlight></codeline>
<codeline lineno="26"><highlight class="normal"><sp/><sp/><sp/><sp/></highlight><highlight class="keywordflow">while</highlight><highlight class="normal"><sp/>(val--)<sp/>{<sp/></highlight></codeline>
<codeline lineno="27"><highlight class="normal"><sp/><sp/><sp/><sp/><sp/><sp/><sp/><sp/></highlight><highlight class="keywordflow">if</highlight><highlight class="normal"><sp/>(alt<sp/>==<sp/>0)<sp/>{<sp/></highlight></codeline>
<codeline lineno="28"><highlight class="normal"><sp/><sp/><sp/><sp/><sp/><sp/><sp/><sp/><sp/><sp/><sp/><sp/>iterLR--;<sp/></highlight></codeline>
<codeline lineno="29"><highlight class="normal"><sp/><sp/><sp/><sp/><sp/><sp/><sp/><sp/><sp/><sp/><sp/><sp/></highlight><highlight class="keywordflow">if</highlight><highlight class="normal"><sp/>(iterLR<sp/>==<sp/><ref refid="snake__ladder_8c_1a431f82bf003945284e9e5369aa17a3c8" kindref="member">player1</ref>)<sp/>{<sp/></highlight></codeline>
<codeline lineno="30"><highlight class="normal"><sp/><sp/><sp/><sp/><sp/><sp/><sp/><sp/><sp/><sp/><sp/><sp/><sp/><sp/><sp/><sp/>printf(</highlight><highlight class="stringliteral">&quot;#P1<sp/>&quot;</highlight><highlight class="normal">);<sp/></highlight></codeline>
<codeline lineno="31"><highlight class="normal"><sp/><sp/><sp/><sp/><sp/><sp/><sp/><sp/><sp/><sp/><sp/><sp/>}<sp/></highlight></codeline>
<codeline lineno="32"><highlight class="normal"><sp/><sp/><sp/><sp/><sp/><sp/><sp/><sp/><sp/><sp/><sp/><sp/></highlight><highlight class="keywordflow">else</highlight><highlight class="normal"><sp/></highlight><highlight class="keywordflow">if</highlight><highlight class="normal"><sp/>(iterLR<sp/>==<sp/><ref refid="snake__ladder_8c_1ad60e9371981a2ebf68cd1916647d89de" kindref="member">player2</ref>)<sp/>{<sp/></highlight></codeline>
<codeline lineno="33"><highlight class="normal"><sp/><sp/><sp/><sp/><sp/><sp/><sp/><sp/><sp/><sp/><sp/><sp/><sp/><sp/><sp/><sp/>printf(</highlight><highlight class="stringliteral">&quot;#P2<sp/>&quot;</highlight><highlight class="normal">);<sp/></highlight></codeline>
<codeline lineno="34"><highlight class="normal"><sp/><sp/><sp/><sp/><sp/><sp/><sp/><sp/><sp/><sp/><sp/><sp/>}<sp/></highlight></codeline>
<codeline lineno="35"><highlight class="normal"><sp/><sp/><sp/><sp/><sp/><sp/><sp/><sp/><sp/><sp/><sp/><sp/></highlight><highlight class="keywordflow">else</highlight><highlight class="normal"></highlight></codeline>
<codeline lineno="36"><highlight class="normal"><sp/><sp/><sp/><sp/><sp/><sp/><sp/><sp/><sp/><sp/><sp/><sp/><sp/><sp/><sp/><sp/>printf(</highlight><highlight class="stringliteral">&quot;%d<sp/>&quot;</highlight><highlight class="normal">,<sp/>board[iterLR]);<sp/></highlight></codeline>
<codeline lineno="37"><highlight class="normal"></highlight></codeline>
<codeline lineno="38"><highlight class="normal"><sp/><sp/><sp/><sp/><sp/><sp/><sp/><sp/><sp/><sp/><sp/><sp/></highlight><highlight class="keywordflow">if</highlight><highlight class="normal"><sp/>(iterLR<sp/>%<sp/>10<sp/>==<sp/>1)<sp/>{<sp/></highlight></codeline>
<codeline lineno="39"><highlight class="normal"><sp/><sp/><sp/><sp/><sp/><sp/><sp/><sp/><sp/><sp/><sp/><sp/><sp/><sp/><sp/><sp/>printf(</highlight><highlight class="stringliteral">&quot;\n\n&quot;</highlight><highlight class="normal">);<sp/></highlight></codeline>
<codeline lineno="40"><highlight class="normal"><sp/><sp/><sp/><sp/><sp/><sp/><sp/><sp/><sp/><sp/><sp/><sp/><sp/><sp/><sp/><sp/>alt<sp/>=<sp/>1;<sp/></highlight></codeline>
<codeline lineno="41"><highlight class="normal"><sp/><sp/><sp/><sp/><sp/><sp/><sp/><sp/><sp/><sp/><sp/><sp/><sp/><sp/><sp/><sp/>iterLR<sp/>-=<sp/>10;<sp/></highlight></codeline>
<codeline lineno="42"><highlight class="normal"><sp/><sp/><sp/><sp/><sp/><sp/><sp/><sp/><sp/><sp/><sp/><sp/>}<sp/></highlight></codeline>
<codeline lineno="43"><highlight class="normal"><sp/><sp/><sp/><sp/><sp/><sp/><sp/><sp/>}<sp/></highlight></codeline>
<codeline lineno="44"><highlight class="normal"><sp/><sp/><sp/><sp/><sp/><sp/><sp/><sp/></highlight><highlight class="keywordflow">else</highlight><highlight class="normal"><sp/>{<sp/></highlight></codeline>
<codeline lineno="45"><highlight class="normal"><sp/><sp/><sp/><sp/><sp/><sp/><sp/><sp/><sp/><sp/><sp/><sp/>iterRL++;<sp/></highlight></codeline>
<codeline lineno="46"><highlight class="normal"><sp/><sp/><sp/><sp/><sp/><sp/><sp/><sp/><sp/><sp/><sp/><sp/></highlight><highlight class="keywordflow">if</highlight><highlight class="normal"><sp/>(iterRL<sp/>==<sp/><ref refid="snake__ladder_8c_1a431f82bf003945284e9e5369aa17a3c8" kindref="member">player1</ref>)<sp/>{<sp/></highlight></codeline>
<codeline lineno="47"><highlight class="normal"><sp/><sp/><sp/><sp/><sp/><sp/><sp/><sp/><sp/><sp/><sp/><sp/><sp/><sp/><sp/><sp/>printf(</highlight><highlight class="stringliteral">&quot;#P1<sp/>&quot;</highlight><highlight class="normal">);<sp/></highlight></codeline>
<codeline lineno="48"><highlight class="normal"><sp/><sp/><sp/><sp/><sp/><sp/><sp/><sp/><sp/><sp/><sp/><sp/>}<sp/></highlight></codeline>
<codeline lineno="49"><highlight class="normal"><sp/><sp/><sp/><sp/><sp/><sp/><sp/><sp/><sp/><sp/><sp/><sp/></highlight><highlight class="keywordflow">else</highlight><highlight class="normal"><sp/></highlight><highlight class="keywordflow">if</highlight><highlight class="normal"><sp/>(iterRL<sp/>==<sp/><ref refid="snake__ladder_8c_1ad60e9371981a2ebf68cd1916647d89de" kindref="member">player2</ref>)<sp/>{<sp/></highlight></codeline>
<codeline lineno="50"><highlight class="normal"><sp/><sp/><sp/><sp/><sp/><sp/><sp/><sp/><sp/><sp/><sp/><sp/><sp/><sp/><sp/><sp/>printf(</highlight><highlight class="stringliteral">&quot;#P2<sp/>&quot;</highlight><highlight class="normal">);<sp/></highlight></codeline>
<codeline lineno="51"><highlight class="normal"><sp/><sp/><sp/><sp/><sp/><sp/><sp/><sp/><sp/><sp/><sp/><sp/>}<sp/></highlight></codeline>
<codeline lineno="52"><highlight class="normal"><sp/><sp/><sp/><sp/><sp/><sp/><sp/><sp/><sp/><sp/><sp/><sp/></highlight><highlight class="keywordflow">else</highlight><highlight class="normal"></highlight></codeline>
<codeline lineno="53"><highlight class="normal"><sp/><sp/><sp/><sp/><sp/><sp/><sp/><sp/><sp/><sp/><sp/><sp/><sp/><sp/><sp/><sp/>printf(</highlight><highlight class="stringliteral">&quot;%d<sp/>&quot;</highlight><highlight class="normal">,<sp/>board[iterRL]);<sp/></highlight></codeline>
<codeline lineno="54"><highlight class="normal"></highlight></codeline>
<codeline lineno="55"><highlight class="normal"><sp/><sp/><sp/><sp/><sp/><sp/><sp/><sp/><sp/><sp/><sp/><sp/></highlight><highlight class="keywordflow">if</highlight><highlight class="normal"><sp/>(iterRL<sp/>%<sp/>10<sp/>==<sp/>0)<sp/>{<sp/></highlight></codeline>
<codeline lineno="56"><highlight class="normal"><sp/><sp/><sp/><sp/><sp/><sp/><sp/><sp/><sp/><sp/><sp/><sp/><sp/><sp/><sp/><sp/>printf(</highlight><highlight class="stringliteral">&quot;\n\n&quot;</highlight><highlight class="normal">);<sp/></highlight></codeline>
<codeline lineno="57"><highlight class="normal"><sp/><sp/><sp/><sp/><sp/><sp/><sp/><sp/><sp/><sp/><sp/><sp/><sp/><sp/><sp/><sp/>alt<sp/>=<sp/>0;<sp/></highlight></codeline>
<codeline lineno="58"><highlight class="normal"><sp/><sp/><sp/><sp/><sp/><sp/><sp/><sp/><sp/><sp/><sp/><sp/><sp/><sp/><sp/><sp/>iterRL<sp/>-=<sp/>30;<sp/></highlight></codeline>
<codeline lineno="59"><highlight class="normal"><sp/><sp/><sp/><sp/><sp/><sp/><sp/><sp/><sp/><sp/><sp/><sp/>}<sp/></highlight></codeline>
<codeline lineno="60"><highlight class="normal"><sp/><sp/><sp/><sp/><sp/><sp/><sp/><sp/>}<sp/></highlight></codeline>
<codeline lineno="61"><highlight class="normal"><sp/><sp/><sp/><sp/><sp/><sp/><sp/><sp/></highlight><highlight class="keywordflow">if</highlight><highlight class="normal"><sp/>(iterRL<sp/>==<sp/>10)<sp/></highlight></codeline>
<codeline lineno="62"><highlight class="normal"><sp/><sp/><sp/><sp/><sp/><sp/><sp/><sp/><sp/><sp/><sp/><sp/></highlight><highlight class="keywordflow">break</highlight><highlight class="normal">;<sp/></highlight></codeline>
<codeline lineno="63"><highlight class="normal"><sp/><sp/><sp/><sp/>}<sp/></highlight></codeline>
<codeline lineno="64"><highlight class="normal"><sp/><sp/><sp/><sp/>printf(</highlight><highlight class="stringliteral">&quot;\n&quot;</highlight><highlight class="normal">);<sp/></highlight></codeline>
<codeline lineno="65"><highlight class="normal">}<sp/></highlight></codeline>
<codeline lineno="66"><highlight class="normal"></highlight></codeline>
<codeline lineno="67"><highlight class="normal"></highlight><highlight class="comment">//<sp/>Function<sp/>to<sp/>move<sp/>the<sp/>player<sp/></highlight><highlight class="normal"></highlight></codeline>
<codeline lineno="68" refid="snake__ladder_8c_1addc913fe2a1a4a29b47fd9ca6d861cee" refkind="member"><highlight class="normal"></highlight><highlight class="keywordtype">int</highlight><highlight class="normal"><sp/><ref refid="snake__ladder_8c_1addc913fe2a1a4a29b47fd9ca6d861cee" kindref="member">movePlayer</ref>(</highlight><highlight class="keywordtype">int</highlight><highlight class="normal"><sp/>currentPlayer,<sp/></highlight><highlight class="keywordtype">int</highlight><highlight class="normal"><sp/>roll)<sp/></highlight></codeline>
<codeline lineno="69"><highlight class="normal">{<sp/></highlight></codeline>
<codeline lineno="70"><highlight class="normal"><sp/><sp/><sp/><sp/></highlight><highlight class="keywordtype">int</highlight><highlight class="normal"><sp/>newPosition<sp/>=<sp/>currentPlayer<sp/>+<sp/>roll;<sp/></highlight></codeline>
<codeline lineno="71"><highlight class="normal"><sp/><sp/><sp/><sp/></highlight><highlight class="comment">//<sp/>Define<sp/>the<sp/>positions<sp/>of<sp/>snakes<sp/>and<sp/>ladders<sp/>on<sp/>the<sp/></highlight><highlight class="normal"></highlight></codeline>
<codeline lineno="72"><highlight class="normal"><sp/><sp/><sp/><sp/></highlight><highlight class="comment">//<sp/>board<sp/></highlight><highlight class="normal"></highlight></codeline>
<codeline lineno="73"><highlight class="normal"><sp/><sp/><sp/><sp/></highlight><highlight class="keywordtype">int</highlight><highlight class="normal"><sp/>snakesAndLadders[101];<sp/></highlight></codeline>
<codeline lineno="74"><highlight class="normal"></highlight></codeline>
<codeline lineno="75"><highlight class="normal"><sp/><sp/><sp/><sp/></highlight><highlight class="keywordflow">for</highlight><highlight class="normal"><sp/>(</highlight><highlight class="keywordtype">int</highlight><highlight class="normal"><sp/>i<sp/>=<sp/>0;<sp/>i<sp/>&lt;=<sp/>100;<sp/>i++)<sp/>{<sp/></highlight></codeline>
<codeline lineno="76"><highlight class="normal"><sp/><sp/><sp/><sp/><sp/><sp/><sp/><sp/>snakesAndLadders[i]<sp/>=<sp/>0;<sp/></highlight></codeline>
<codeline lineno="77"><highlight class="normal"><sp/><sp/><sp/><sp/>}<sp/></highlight></codeline>
<codeline lineno="78"><highlight class="normal"><sp/><sp/><sp/><sp/></highlight></codeline>
<codeline lineno="79"><highlight class="normal"><sp/><sp/><sp/><sp/></highlight><highlight class="comment">//<sp/>here<sp/>positive<sp/>weights<sp/>represent<sp/>a<sp/>ladder<sp/></highlight><highlight class="normal"></highlight></codeline>
<codeline lineno="80"><highlight class="normal"><sp/><sp/><sp/><sp/></highlight><highlight class="comment">//<sp/>and<sp/>negative<sp/>weights<sp/>represent<sp/>a<sp/>snake.<sp/></highlight><highlight class="normal"></highlight></codeline>
<codeline lineno="81"><highlight class="normal"><sp/><sp/><sp/><sp/>snakesAndLadders[6]<sp/>=<sp/>40;<sp/></highlight></codeline>
<codeline lineno="82"><highlight class="normal"><sp/><sp/><sp/><sp/>snakesAndLadders[23]<sp/>=<sp/>-10;<sp/></highlight></codeline>
<codeline lineno="83"><highlight class="normal"><sp/><sp/><sp/><sp/>snakesAndLadders[45]<sp/>=<sp/>-7;<sp/></highlight></codeline>
<codeline lineno="84"><highlight class="normal"><sp/><sp/><sp/><sp/>snakesAndLadders[61]<sp/>=<sp/>-18;<sp/></highlight></codeline>
<codeline lineno="85"><highlight class="normal"><sp/><sp/><sp/><sp/>snakesAndLadders[65]<sp/>=<sp/>-8;<sp/></highlight></codeline>
<codeline lineno="86"><highlight class="normal"><sp/><sp/><sp/><sp/>snakesAndLadders[77]<sp/>=<sp/>5;<sp/></highlight></codeline>
<codeline lineno="87"><highlight class="normal"><sp/><sp/><sp/><sp/>snakesAndLadders[98]<sp/>=<sp/>-10;<sp/></highlight></codeline>
<codeline lineno="88"><highlight class="normal"></highlight></codeline>
<codeline lineno="89"><highlight class="normal"><sp/><sp/><sp/><sp/></highlight><highlight class="keywordtype">int</highlight><highlight class="normal"><sp/>newSquare<sp/></highlight></codeline>
<codeline lineno="90"><highlight class="normal"><sp/><sp/><sp/><sp/><sp/><sp/><sp/><sp/>=<sp/>newPosition<sp/>+<sp/>snakesAndLadders[newPosition];<sp/></highlight></codeline>
<codeline lineno="91"><highlight class="normal"></highlight></codeline>
<codeline lineno="92"><highlight class="normal"><sp/><sp/><sp/><sp/></highlight><highlight class="keywordflow">if</highlight><highlight class="normal"><sp/>(newSquare<sp/>&gt;<sp/>100)<sp/>{<sp/></highlight></codeline>
<codeline lineno="93"><highlight class="normal"><sp/><sp/><sp/><sp/><sp/><sp/><sp/><sp/></highlight><highlight class="keywordflow">return</highlight><highlight class="normal"><sp/>currentPlayer;<sp/></highlight><highlight class="comment">//<sp/>Player<sp/>cannot<sp/>move<sp/>beyond<sp/></highlight><highlight class="normal"></highlight></codeline>
<codeline lineno="94"><highlight class="normal"><sp/><sp/><sp/><sp/><sp/><sp/><sp/><sp/><sp/><sp/><sp/><sp/><sp/><sp/><sp/><sp/><sp/><sp/><sp/><sp/><sp/><sp/><sp/><sp/><sp/><sp/><sp/><sp/></highlight><highlight class="comment">//<sp/>square<sp/>100<sp/></highlight><highlight class="normal"></highlight></codeline>
<codeline lineno="95"><highlight class="normal"><sp/><sp/><sp/><sp/>}<sp/></highlight></codeline>
<codeline lineno="96"><highlight class="normal"></highlight></codeline>
<codeline lineno="97"><highlight class="normal"><sp/><sp/><sp/><sp/></highlight><highlight class="keywordflow">return</highlight><highlight class="normal"><sp/>newSquare;<sp/></highlight></codeline>
<codeline lineno="98"><highlight class="normal">}<sp/></highlight></codeline>
<codeline lineno="99"><highlight class="normal"></highlight></codeline>
<codeline lineno="100" refid="snake__ladder_8c_1ae66f6b31b5ad750f1fe042a706a4e3d4" refkind="member"><highlight class="normal"></highlight><highlight class="keywordtype">int</highlight><highlight class="normal"><sp/><ref refid="snake__ladder_8c_1ae66f6b31b5ad750f1fe042a706a4e3d4" kindref="member">main</ref>()<sp/></highlight></codeline>
<codeline lineno="101"><highlight class="normal">{<sp/></highlight></codeline>
<codeline lineno="102"><highlight class="normal"><sp/><sp/><sp/><sp/>srand(time(0));<sp/></highlight><highlight class="comment">//<sp/>Initialize<sp/>random<sp/>seed<sp/></highlight><highlight class="normal"></highlight></codeline>
<codeline lineno="103"><highlight class="normal"><sp/><sp/><sp/><sp/></highlight><highlight class="keywordtype">int</highlight><highlight class="normal"><sp/>currentPlayer<sp/>=<sp/>1;<sp/></highlight></codeline>
<codeline lineno="104"><highlight class="normal"><sp/><sp/><sp/><sp/></highlight><highlight class="keywordtype">int</highlight><highlight class="normal"><sp/>won<sp/>=<sp/>0;<sp/></highlight></codeline>
<codeline lineno="105"><highlight class="normal"></highlight></codeline>
<codeline lineno="106"><highlight class="normal"><sp/><sp/><sp/><sp/>printf(</highlight><highlight class="stringliteral">&quot;Snake<sp/>and<sp/>Ladder<sp/>Game\n&quot;</highlight><highlight class="normal">);<sp/></highlight></codeline>
<codeline lineno="107"><highlight class="normal"></highlight></codeline>
<codeline lineno="108"><highlight class="normal"><sp/><sp/><sp/><sp/></highlight><highlight class="keywordflow">while</highlight><highlight class="normal"><sp/>(!won)<sp/>{<sp/></highlight></codeline>
<codeline lineno="109"><highlight class="normal"></highlight></codeline>
<codeline lineno="110"><highlight class="normal"><sp/><sp/><sp/><sp/><sp/><sp/><sp/><sp/>printf(<sp/></highlight></codeline>
<codeline lineno="111"><highlight class="normal"><sp/><sp/><sp/><sp/><sp/><sp/><sp/><sp/><sp/><sp/><sp/><sp/></highlight><highlight class="stringliteral">&quot;\nPlayer<sp/>%d,<sp/>press<sp/>Enter<sp/>to<sp/>roll<sp/>the<sp/>die...&quot;</highlight><highlight class="normal">,<sp/></highlight></codeline>
<codeline lineno="112"><highlight class="normal"><sp/><sp/><sp/><sp/><sp/><sp/><sp/><sp/><sp/><sp/><sp/><sp/>currentPlayer);<sp/></highlight></codeline>
<codeline lineno="113"><highlight class="normal"><sp/><sp/><sp/><sp/><sp/><sp/><sp/><sp/>getchar();<sp/></highlight><highlight class="comment">//<sp/>Wait<sp/>for<sp/>the<sp/>player<sp/>to<sp/>press<sp/>Enter<sp/></highlight><highlight class="normal"></highlight></codeline>
<codeline lineno="114"><highlight class="normal"><sp/><sp/><sp/><sp/><sp/><sp/><sp/><sp/></highlight><highlight class="keywordtype">int</highlight><highlight class="normal"><sp/>roll<sp/>=<sp/><ref refid="snake__ladder_8c_1a5b6cc97434889cef83b1f6afc60cf89b" kindref="member">rollDie</ref>();<sp/></highlight></codeline>
<codeline lineno="115"><highlight class="normal"><sp/><sp/><sp/><sp/><sp/><sp/><sp/><sp/>printf(</highlight><highlight class="stringliteral">&quot;You<sp/>rolled<sp/>a<sp/>%d.\n&quot;</highlight><highlight class="normal">,<sp/>roll);<sp/></highlight></codeline>
<codeline lineno="116"><highlight class="normal"></highlight></codeline>
<codeline lineno="117"><highlight class="normal"><sp/><sp/><sp/><sp/><sp/><sp/><sp/><sp/></highlight><highlight class="keywordflow">if</highlight><highlight class="normal"><sp/>(currentPlayer<sp/>==<sp/>1)<sp/>{<sp/></highlight></codeline>
<codeline lineno="118"><highlight class="normal"><sp/><sp/><sp/><sp/><sp/><sp/><sp/><sp/><sp/><sp/><sp/><sp/><ref refid="snake__ladder_8c_1a431f82bf003945284e9e5369aa17a3c8" kindref="member">player1</ref><sp/>=<sp/><ref refid="snake__ladder_8c_1addc913fe2a1a4a29b47fd9ca6d861cee" kindref="member">movePlayer</ref>(<ref refid="snake__ladder_8c_1a431f82bf003945284e9e5369aa17a3c8" kindref="member">player1</ref>,<sp/>roll);<sp/></highlight></codeline>
<codeline lineno="119"><highlight class="normal"><sp/><sp/><sp/><sp/><sp/><sp/><sp/><sp/><sp/><sp/><sp/><sp/>printf(</highlight><highlight class="stringliteral">&quot;Player<sp/>1<sp/>is<sp/>now<sp/>at<sp/>square<sp/>%d.\n\n&quot;</highlight><highlight class="normal">,<sp/></highlight></codeline>
<codeline lineno="120"><highlight class="normal"><sp/><sp/><sp/><sp/><sp/><sp/><sp/><sp/><sp/><sp/><sp/><sp/><sp/><sp/><sp/><sp/><ref refid="snake__ladder_8c_1a431f82bf003945284e9e5369aa17a3c8" kindref="member">player1</ref>);<sp/></highlight></codeline>
<codeline lineno="121"><highlight class="normal"><sp/><sp/><sp/><sp/><sp/><sp/><sp/><sp/><sp/><sp/><sp/><sp/><ref refid="snake__ladder_8c_1a8310d6d1e915cb179f834d9ca017950a" kindref="member">printBoard</ref>();<sp/></highlight></codeline>
<codeline lineno="122"><highlight class="normal"><sp/><sp/><sp/><sp/><sp/><sp/><sp/><sp/><sp/><sp/><sp/><sp/></highlight><highlight class="keywordflow">if</highlight><highlight class="normal"><sp/>(<ref refid="snake__ladder_8c_1a431f82bf003945284e9e5369aa17a3c8" kindref="member">player1</ref><sp/>==<sp/>100)<sp/>{<sp/></highlight></codeline>
<codeline lineno="123"><highlight class="normal"><sp/><sp/><sp/><sp/><sp/><sp/><sp/><sp/><sp/><sp/><sp/><sp/><sp/><sp/><sp/><sp/>printf(</highlight><highlight class="stringliteral">&quot;Player<sp/>1<sp/>wins!\n&quot;</highlight><highlight class="normal">);<sp/></highlight></codeline>
<codeline lineno="124"><highlight class="normal"><sp/><sp/><sp/><sp/><sp/><sp/><sp/><sp/><sp/><sp/><sp/><sp/><sp/><sp/><sp/><sp/>won<sp/>=<sp/>1;<sp/></highlight></codeline>
<codeline lineno="125"><highlight class="normal"><sp/><sp/><sp/><sp/><sp/><sp/><sp/><sp/><sp/><sp/><sp/><sp/>}<sp/></highlight></codeline>
<codeline lineno="126"><highlight class="normal"><sp/><sp/><sp/><sp/><sp/><sp/><sp/><sp/>}<sp/></highlight></codeline>
<codeline lineno="127"><highlight class="normal"><sp/><sp/><sp/><sp/><sp/><sp/><sp/><sp/></highlight><highlight class="keywordflow">else</highlight><highlight class="normal"><sp/>{<sp/></highlight></codeline>
<codeline lineno="128"><highlight class="normal"><sp/><sp/><sp/><sp/><sp/><sp/><sp/><sp/><sp/><sp/><sp/><sp/><ref refid="snake__ladder_8c_1ad60e9371981a2ebf68cd1916647d89de" kindref="member">player2</ref><sp/>=<sp/><ref refid="snake__ladder_8c_1addc913fe2a1a4a29b47fd9ca6d861cee" kindref="member">movePlayer</ref>(<ref refid="snake__ladder_8c_1ad60e9371981a2ebf68cd1916647d89de" kindref="member">player2</ref>,<sp/>roll);<sp/></highlight></codeline>
<codeline lineno="129"><highlight class="normal"><sp/><sp/><sp/><sp/><sp/><sp/><sp/><sp/><sp/><sp/><sp/><sp/>printf(</highlight><highlight class="stringliteral">&quot;Player<sp/>2<sp/>is<sp/>now<sp/>at<sp/>square<sp/>%d.\n\n&quot;</highlight><highlight class="normal">,<sp/></highlight></codeline>
<codeline lineno="130"><highlight class="normal"><sp/><sp/><sp/><sp/><sp/><sp/><sp/><sp/><sp/><sp/><sp/><sp/><sp/><sp/><sp/><sp/><ref refid="snake__ladder_8c_1ad60e9371981a2ebf68cd1916647d89de" kindref="member">player2</ref>);<sp/></highlight></codeline>
<codeline lineno="131"><highlight class="normal"><sp/><sp/><sp/><sp/><sp/><sp/><sp/><sp/><sp/><sp/><sp/><sp/><ref refid="snake__ladder_8c_1a8310d6d1e915cb179f834d9ca017950a" kindref="member">printBoard</ref>();<sp/></highlight></codeline>
<codeline lineno="132"><highlight class="normal"><sp/><sp/><sp/><sp/><sp/><sp/><sp/><sp/><sp/><sp/><sp/><sp/></highlight><highlight class="keywordflow">if</highlight><highlight class="normal"><sp/>(<ref refid="snake__ladder_8c_1ad60e9371981a2ebf68cd1916647d89de" kindref="member">player2</ref><sp/>==<sp/>100)<sp/>{<sp/></highlight></codeline>
<codeline lineno="133"><highlight class="normal"><sp/><sp/><sp/><sp/><sp/><sp/><sp/><sp/><sp/><sp/><sp/><sp/><sp/><sp/><sp/><sp/>printf(</highlight><highlight class="stringliteral">&quot;Player<sp/>2<sp/>wins!\n&quot;</highlight><highlight class="normal">);<sp/></highlight></codeline>
<codeline lineno="134"><highlight class="normal"><sp/><sp/><sp/><sp/><sp/><sp/><sp/><sp/><sp/><sp/><sp/><sp/><sp/><sp/><sp/><sp/>won<sp/>=<sp/>1;<sp/></highlight></codeline>
<codeline lineno="135"><highlight class="normal"><sp/><sp/><sp/><sp/><sp/><sp/><sp/><sp/><sp/><sp/><sp/><sp/>}<sp/></highlight></codeline>
<codeline lineno="136"><highlight class="normal"><sp/><sp/><sp/><sp/><sp/><sp/><sp/><sp/>}<sp/></highlight></codeline>
<codeline lineno="137"><highlight class="normal"></highlight></codeline>
<codeline lineno="138"><highlight class="normal"><sp/><sp/><sp/><sp/><sp/><sp/><sp/><sp/></highlight><highlight class="comment">//<sp/>Switch<sp/>to<sp/>the<sp/>other<sp/>player<sp/></highlight><highlight class="normal"></highlight></codeline>
<codeline lineno="139"><highlight class="normal"><sp/><sp/><sp/><sp/><sp/><sp/><sp/><sp/>currentPlayer<sp/>=<sp/>(currentPlayer<sp/>==<sp/>1)<sp/>?<sp/>2<sp/>:<sp/>1;<sp/></highlight></codeline>
<codeline lineno="140"><highlight class="normal"><sp/><sp/><sp/><sp/>}<sp/></highlight></codeline>
<codeline lineno="141"><highlight class="normal"></highlight></codeline>
<codeline lineno="142"><highlight class="normal"><sp/><sp/><sp/><sp/></highlight><highlight class="keywordflow">return</highlight><highlight class="normal"><sp/>0;<sp/></highlight></codeline>
<codeline lineno="143"><highlight class="normal">}</highlight></codeline>
    </programlisting>
    <location file="src/snake_ladder.c"/>
  </compounddef>
</doxygen>
